ticker,headline,label,positive,negative,neutral
AAPL,Alphabet makes the Dow look more like the Nasdaq,neutral,0.0895,0.0154,0.8951
AAPL,Big Tech's AI cash cushion is plummeting: Chart of the Day,negative,0.016,0.945,0.039
AAPL,Analysis-Apple-Intel chip deal makes strategic sense but production is years away,neutral,0.041,0.0925,0.8665
AAPL,"Snap Bet $2,195 on the Future of Smart Glasses. Meta Answered With a $244 Version.",neutral,0.1035,0.0136,0.8829
AAPL,Beyond Mag 7: MANGOS or Big-10 ETFs Will Likely Rule Ahead,neutral,0.0427,0.0288,0.9285
AAPL,"Alphabet Stock in Focus as Google Parent Joins Dow, Replacing Verizon",neutral,0.0419,0.2665,0.6916
AAPL,Apple (AAPL) BofA Stays Bullish as Price Increases Could Offset Higher Memory Costs,positive,0.8597,0.1125,0.0277
AAPL,"L8P8, Inc., Introduces Loop8ID, an Age Verification Solution to Support Online Child Safety Laws Wit",neutral,0.3084,0.0098,0.6818
AAPL,Alphabet’s Addition to the Dow Makes Mag 7 Takeover Nearly Complete,neutral,0.1908,0.0156,0.7936
AAPL,How Does Microsoft Turn Cloud Dominance Into $223B For Shareholders?,neutral,0.0513,0.0196,0.9291
AAPL,Alphabet Is In. Verizon Is Out.,neutral,0.0616,0.0508,0.8876
AAPL,Alphabet Wins a Seat at the Dow,neutral,0.2541,0.0394,0.7065
AAPL,Apple supplier Lingyi iTech prices $1.06 billion Hong Kong IPO to tap AI demand,neutral,0.3755,0.0225,0.6021
AAPL,Apple Stock Polishing New Buy Zone With All-Time High In Sight,positive,0.8519,0.032,0.1161
AAPL,UK tribunal greenlights $4bn class action over Apple iCloud,negative,0.0381,0.862,0.0999
AAPL,2 Unpopular Stocks That Deserve a Second Chance and 1 Facing Headwinds,negative,0.0192,0.9314,0.0494
AAPL,Big Tech's $2.7 trillion AI bill comes due: Chart of the Day,neutral,0.0427,0.0297,0.9276
AAPL,1 Striking Reason This Trillion-Dollar Cloud Pioneer Is a Better Artificial Intelligence (AI) Buy Th,neutral,0.3955,0.0096,0.5949
AAPL,BofA Says Apple’s (AAPL) New Siri Strategy Could Strengthen its AI Position,positive,0.9555,0.0147,0.0298
AAPL,Chip Selloff Deepens as AI Doubts Bleed Into a Second Session,negative,0.0596,0.8698,0.0706
AAPL,Coinbase CEO Brian Armstrong Says Founders Must Be Willing To Be ‘Vilified’ To Build Anything Meanin,neutral,0.1556,0.0105,0.8339
AAPL,Bank of America resets Apple stock forecast after Siri AI shift,negative,0.0255,0.5576,0.4169
AAPL,The Real Engine Behind Apple Stock's Next Potential Climb,neutral,0.0872,0.0116,0.9012
AAPL,"You’re Probably Paying Twice for NVIDIA, Apple, and Microsoft Without Realizing It",neutral,0.0675,0.0655,0.867
AAPL,"Google-Parent Alphabet To Join Dow Jones Industrial Average, Replacing Verizon",neutral,0.0726,0.0195,0.9079
AAPL,"Is SpaceX a Better Buy Than the 2 ""Magnificent Seven"" Stocks It Has Surpassed in Market Cap?",positive,0.6996,0.0101,0.2904
AAPL,Why tech stocks are getting hammered,neutral,0.0704,0.132,0.7976
AAPL,"Meta unveils cheaper AI smart glasses, but the competition is heating up",neutral,0.3085,0.0596,0.6319
AAPL,The lessons that wearable tech companies can learn from FitBit,neutral,0.124,0.0111,0.8648
AAPL,Apple and Intel Just Signed a Historic Chip Partnership. Is the Silicon Pioneer a No-Brainer Buy Tod,neutral,0.1496,0.0182,0.8322
MSFT,Alphabet makes the Dow look more like the Nasdaq,neutral,0.0895,0.0154,0.8951
MSFT,The Dividend Portfolio That Starts Like A Honda And Ends Like A Ferrari,neutral,0.0428,0.025,0.9322
MSFT,Bloom Energy (BE) Faces Fresh AI Data Center Power Competition From Gas And Nuclear,negative,0.2639,0.569,0.1671
MSFT,Why Investors Are Finally Separating Quantum Computing Winners From Losers,neutral,0.0658,0.0407,0.8936
MSFT,Biochar Market Forecast: US$ 910.4 Million in 2026 to US$ 2.75 Billion by 2033 | Persistence Market ,neutral,0.1452,0.0126,0.8422
MSFT,The First Pure-Play Humanoid Robot Maker Could Go Public This Year,neutral,0.1349,0.0083,0.8569
MSFT,Beyond Mag 7: MANGOS or Big-10 ETFs Will Likely Rule Ahead,neutral,0.0427,0.0288,0.9285
MSFT,"Alphabet Stock in Focus as Google Parent Joins Dow, Replacing Verizon",neutral,0.0419,0.2665,0.6916
MSFT,Engram raises $98M to cut enterprise AI token costs,positive,0.8722,0.0212,0.1067
MSFT,Amazon (AMZN) BofA Sees Q2 Revenue Beat Despite Prime Day Timing Shift,positive,0.9408,0.037,0.0223
MSFT,"Microsoft (MSFT) Project Kilby Agreement Highlights Data Center Power Demand, Stifel Says",positive,0.7299,0.0094,0.2607
MSFT,NVIDIA (NVDA) Remains a Must-Own for Bernstein Despite Tech Sell-Off,neutral,0.3426,0.022,0.6354
MSFT,Alphabet (GOOGL) Keeps Market Outperform Rating as Citizens Flags AI Talent Retention Risk,negative,0.1227,0.8186,0.0587
MSFT,Apple (AAPL) BofA Stays Bullish as Price Increases Could Offset Higher Memory Costs,positive,0.8597,0.1125,0.0277
MSFT,"Micron Technology (MU) Higher Target Reflects Multi-Year Demand Visibility, Needham Says",positive,0.9525,0.0159,0.0316
MSFT,Tesla (TSLA) Seen Trading More Like a SpaceX Proxy as Merger Talk Grows,neutral,0.0746,0.0308,0.8946
MSFT,"Intel (INTC) Advanced Packaging Could Support AI Data Center Growth, Mizuho Says",positive,0.935,0.0107,0.0543
MSFT,Salesforce (CRM) Gets Buy Upgrade as AI Concerns Create Compelling Entry Point,positive,0.9505,0.0247,0.0248
MSFT,"Constellation Energy (CEG) Seen as High-Quality Power Demand Play, but Goldman Flags Valuation",neutral,0.4067,0.0345,0.5588
MSFT,Credo Technology (CRDO) Starts With Outperform Rating as Optical AI Connectivity Opportunity Expands,positive,0.7447,0.015,0.2404
MSFT,International Business Machines (IBM) Upgraded by JPMorgan as Software Growth Boosts Outlook,positive,0.9485,0.0173,0.0342
MSFT,Enphase Energy (ENPH) Gains Upgrade as Solid-State Transformers Open AI Data Center Opportunity,positive,0.955,0.0157,0.0294
MSFT,NICE (NICE) Upgraded to Buy by DA Davidson as AI Disruption Fears Ease,positive,0.9406,0.0276,0.0318
MSFT,SpaceX (SPCX) Lands Reflection AI Deal While KeyBanc Flags Starship Risks,neutral,0.1712,0.014,0.8148
MSFT,Cloudflare (NET) Launches Browser Push To Sort Human And AI Traffic,neutral,0.2592,0.0115,0.7293
MSFT,Microsoft's New AI in Education Report highlights widespread adoption and increasing demand for supp,positive,0.8559,0.0082,0.136
MSFT,AI Stock Theme Splits as Mega-Cap Leaders Wilt and Turnaround Plays Surge,negative,0.027,0.9157,0.0573
MSFT,Why QQQ Is Pulling Further Ahead Of Bitcoin ETFs In 2026,negative,0.0909,0.5383,0.3708
MSFT,TTWO Stock Edges Higher After GTA 6 Pricing Reveal By Rockstar – Retail Sees Another Cash Cow,positive,0.8955,0.0511,0.0534
MSFT,Micron Reports Tonight. The Real Story May Be Nvidia,neutral,0.0231,0.0635,0.9134
NVDA,Alphabet makes the Dow look more like the Nasdaq,neutral,0.0895,0.0154,0.8951
NVDA,VOOG vs. VYM: Which Vanguard ETF Is the Better Choice?,neutral,0.06,0.032,0.9079
NVDA,Why Oklo Stock Keeps Going Down,neutral,0.0747,0.1905,0.7348
NVDA,Artificial Intelligence (AI) Has Supercharged This Cybersecurity Stock That Has Shot Up 62% in 2026.,positive,0.8906,0.0235,0.0859
NVDA,Sunrun Surges 26% on 16-Gigawatt Virtual Power Plant Deal With Tesla and Renew Home,positive,0.9482,0.0206,0.0312
NVDA,"Micron Is Up 268% This Year, and Stephanie Link Says Wait for a Pullback Before You Buy",positive,0.8748,0.011,0.1143
NVDA,"Wells Fargo’s Scott Wren to Retail Investors: Don’t Chase the Rally, Be Ready to Pounce on Dips",neutral,0.1207,0.0257,0.8536
NVDA,Why FuelCell Energy Stock Rocketed Higher Today,positive,0.7779,0.0221,0.2
NVDA,"Cisco at $121: Buy, Sell or Hold?",neutral,0.0303,0.0431,0.9266
NVDA,Cerebras Stock Falls Despite Improving Outlook For AI Chip Sales,negative,0.0358,0.9417,0.0225
NVDA,"60 With $800,000. Here Are the 4 Yield Machines To Buy",neutral,0.0243,0.0431,0.9327
NVDA,SoFi Bets on Innovation and Scale While Ally Prioritizes Dividends and Auto Lending Discipline,neutral,0.0775,0.0143,0.9081
NVDA,Should You Buy Adobe After Its 40% Drop?,neutral,0.1009,0.4406,0.4585
NVDA,3 Stocks Berkshire Hathaway Like This June,neutral,0.0453,0.0237,0.9311
NVDA,Is Qualcomm Stock A Bet On AI's Future Or A Hostage To The Smartphone's Present?,neutral,0.0348,0.0437,0.9214
NVDA,Germany’s Warship U-Turn Torpedoes the Defense Trade,neutral,0.3554,0.0472,0.5974
NVDA,This Stock Is My Biggest Bet For The Second Half of 2026,neutral,0.0762,0.0146,0.9092
NVDA,Why Cerebras Systems Stock Crashed Today,negative,0.0263,0.644,0.3297
NVDA,BlackBerry gains bullish backing as Stifel initiates coverage,positive,0.845,0.0187,0.1363
NVDA,PayPal No Longer Deserves A Premium Valuation. Here's Why.,neutral,0.0508,0.0647,0.8845
NVDA,"Alphabet Stock in Focus as Google Parent Joins Dow, Replacing Verizon",neutral,0.0419,0.2665,0.6916
NVDA,The Crowd Is Dumping Joby Aviation. Here's Why I'd Be Buying It Down 30%.,negative,0.0106,0.9064,0.083
NVDA,SpaceX vs Rocket Lab: What's the Better Buy Right Now?,neutral,0.0456,0.0279,0.9265
NVDA,Amazon (AMZN) BofA Sees Q2 Revenue Beat Despite Prime Day Timing Shift,positive,0.9408,0.037,0.0223
NVDA,"Microsoft (MSFT) Project Kilby Agreement Highlights Data Center Power Demand, Stifel Says",positive,0.7299,0.0094,0.2607
NVDA,NVIDIA (NVDA) Remains a Must-Own for Bernstein Despite Tech Sell-Off,neutral,0.3426,0.022,0.6354
NVDA,Alphabet (GOOGL) Keeps Market Outperform Rating as Citizens Flags AI Talent Retention Risk,negative,0.1227,0.8186,0.0587
NVDA,Apple (AAPL) BofA Stays Bullish as Price Increases Could Offset Higher Memory Costs,positive,0.8597,0.1125,0.0277
NVDA,"Micron Technology (MU) Higher Target Reflects Multi-Year Demand Visibility, Needham Says",positive,0.9525,0.0159,0.0316
NVDA,Tesla (TSLA) Seen Trading More Like a SpaceX Proxy as Merger Talk Grows,neutral,0.0746,0.0308,0.8946
TSLA,Alphabet makes the Dow look more like the Nasdaq,neutral,0.0895,0.0154,0.8951
TSLA,Sunrun Surges 26% on 16-Gigawatt Virtual Power Plant Deal With Tesla and Renew Home,positive,0.9482,0.0206,0.0312
TSLA,Should You Forget Tesla and Buy SpaceX Instead?,neutral,0.0398,0.0349,0.9252
TSLA,"RUN Stock Surges On Partnership With Tesla, Renew Home – Sunrun CEO Says Grid Of 1800s Can’t ‘Power ",negative,0.2029,0.5258,0.2714
TSLA,Lucid vs. Rivian: Which Is Winning the Only Race That Matters?,neutral,0.0605,0.0351,0.9044
TSLA,Elon Musk’s trillionaire status slips as SpaceX shares swing,negative,0.0228,0.9219,0.0553
TSLA,Sunrun Stock Surges 30% on Tesla AI Data-Center Tie-Up,positive,0.9148,0.049,0.0362
TSLA,The First Pure-Play Humanoid Robot Maker Could Go Public This Year,neutral,0.1349,0.0083,0.8569
TSLA,Beyond Mag 7: MANGOS or Big-10 ETFs Will Likely Rule Ahead,neutral,0.0427,0.0288,0.9285
TSLA,"Cathie Wood Loads Up On Palantir, Cerebras, These Mag 7 Players",positive,0.7102,0.0135,0.2763
TSLA,Tesla (TSLA) Seen Trading More Like a SpaceX Proxy as Merger Talk Grows,neutral,0.0746,0.0308,0.8946
TSLA,"Ladybug Resource Group, Inc.'s Jingdiao Division Deepens Strategic Alliance With Global Integration ",positive,0.9438,0.0161,0.04
TSLA,Tesla Under Pressure Again: Is the Bear Case Getting Overplayed?,negative,0.0586,0.5383,0.4031
TSLA,"Elon Musk rips the US system of taxing what you earn, buy, and own. Do this now to keep more of your",neutral,0.0347,0.0726,0.8926
TSLA,Beyond the SpaceX Chatter: Why Tesla’s Upcoming Delivery Numbers Still Matter,neutral,0.0411,0.0963,0.8626
TSLA,Sunrun Surges After Forming Data Centre Energy Alliance With Tesla and Renew Home (RUN),positive,0.8895,0.0166,0.0939
TSLA,Latest News In Electric Vehicles - Streamlining Commercial Charging Through Strategic Collaboration,neutral,0.2876,0.0111,0.7013
TSLA,SpaceX’s Stock Slide Costs Elon Musk His Trillionaire Title,negative,0.0296,0.7699,0.2005
TSLA,SpaceX Stock Is Falling and Elon Musk Is No Longer a Trillionaire,negative,0.0073,0.9575,0.0352
TSLA,"Sunrun, Renew Home, and Tesla Team Up to Deliver More Than 16 Gigawatts of Fast, Flexible Power for ",positive,0.6644,0.0085,0.3271
TSLA,Elon Musk loses trillionaire status as SpaceX stock falls,negative,0.0354,0.499,0.4656
TSLA,Forget Wall Street Analysts: History Says SpaceX Will Reach This Price Target Within the Next Year,neutral,0.4895,0.0101,0.5004
TSLA,SpaceX Extends Rebound as Analysts Highlight Potential Tesla Tie-Up (SPCX),positive,0.9347,0.0389,0.0264
TSLA,Elon Musk loses trillionaire status after Wall Street slump,negative,0.0294,0.7251,0.2455
TSLA,"SpaceX Stock, Tesla Woes Cost Elon Musk His Trillionaire Status",neutral,0.0634,0.2358,0.7008
TSLA,Big Tech's $2.7 trillion AI bill comes due: Chart of the Day,neutral,0.0427,0.0297,0.9276
TSLA,"KB Home Posts Upbeat Q2 Sales, Joins Inmode, Icon And Other Big Stocks Moving Higher On Wednesday",positive,0.9461,0.026,0.0279
TSLA,T1 Energy: Short-Term Opportunity - But Long-Term Uncertainty?,neutral,0.0576,0.0428,0.8996
TSLA,"Now That SpaceX Is Public, Should You Ditch Tesla Stock?",neutral,0.0372,0.1547,0.8082
TSLA,SpaceX: Has the Story Run Ahead Of The Stock — Or The Other Way Around?,neutral,0.0297,0.0857,0.8846
GOOGL,3 Stocks Berkshire Hathaway Like This June,neutral,0.0453,0.0237,0.9311
GOOGL,"CME Faces Minimal Competitive Threat From Perpetual Futures, RBC Capital Markets Says",neutral,0.3962,0.1211,0.4828
GOOGL,Big Tech's AI cash cushion is plummeting: Chart of the Day,negative,0.016,0.945,0.039
GOOGL,This Artificial Intelligence (AI) Infrastructure Stock Could Be Bigger Than Nvidia Over the Next Dec,neutral,0.2014,0.0093,0.7893
GOOGL,Why Investors Are Finally Separating Quantum Computing Winners From Losers,neutral,0.0658,0.0407,0.8936
GOOGL,Biochar Market Forecast: US$ 910.4 Million in 2026 to US$ 2.75 Billion by 2033 | Persistence Market ,neutral,0.1452,0.0126,0.8422
GOOGL,What Verizon Communications (VZ)'s Dow Exit and Simpler Plans Strategy Means For Shareholders,neutral,0.0985,0.0145,0.887
GOOGL,"Kroger Stock Is Tied to Retail Media, Private Label, and Value Trends",neutral,0.0431,0.0137,0.9432
GOOGL,Micron Q3 earnings: How much higher can this chip stock run?,neutral,0.2974,0.0281,0.6746
GOOGL,Alphabet Joins the Dow With Little History of a Stock Boost,neutral,0.0971,0.0155,0.8874
GOOGL,Beyond Mag 7: MANGOS or Big-10 ETFs Will Likely Rule Ahead,neutral,0.0427,0.0288,0.9285
GOOGL,"Alphabet Stock in Focus as Google Parent Joins Dow, Replacing Verizon",neutral,0.0419,0.2665,0.6916
GOOGL,Alphabet (GOOGL) Keeps Market Outperform Rating as Citizens Flags AI Talent Retention Risk,negative,0.1227,0.8186,0.0587
GOOGL,"Cathie Wood Loads Up On Palantir, Cerebras, These Mag 7 Players",positive,0.7102,0.0135,0.2763
GOOGL,HSBC Holdings plc (HSBC) is a Top UK Dividend Stock Pursuing AI Integration with Google,positive,0.7584,0.0068,0.2348
GOOGL,"Bain & Company announces partnership with Google Cloud to enable accelerated and secure, enterprise-",positive,0.7474,0.0109,0.2416
GOOGL,Cloudflare (NET) Launches Browser Push To Sort Human And AI Traffic,neutral,0.2592,0.0115,0.7293
GOOGL,"L8P8, Inc., Introduces Loop8ID, an Age Verification Solution to Support Online Child Safety Laws Wit",neutral,0.3084,0.0098,0.6818
GOOGL,Alphabet’s Addition to the Dow Makes Mag 7 Takeover Nearly Complete,neutral,0.1908,0.0156,0.7936
GOOGL,Runlayer Raises $30M Series A to Help Enterprises Go All In On AI,positive,0.7815,0.008,0.2105
GOOGL,How Does Microsoft Turn Cloud Dominance Into $223B For Shareholders?,neutral,0.0513,0.0196,0.9291
GOOGL,Alphabet Set to Join Dow Jones Industrial Average as Verizon Exits Index (GOOG),neutral,0.1064,0.0165,0.8771
GOOGL,Alphabet Is In. Verizon Is Out.,neutral,0.0616,0.0508,0.8876
GOOGL,Alphabet Wins a Seat at the Dow,neutral,0.2541,0.0394,0.7065
GOOGL,The AI Conference Focuses on Turning AI from Promise into Production with 120+ Speakers,neutral,0.1815,0.008,0.8104
GOOGL,5 Things to Know Before the Stock Market Opens on Wednesday,neutral,0.0294,0.0391,0.9316
GOOGL,SpaceX Stock Is Falling and Elon Musk Is No Longer a Trillionaire,negative,0.0073,0.9575,0.0352
GOOGL,"Dow Jones Futures: Nasdaq Set To Regain Key Level As Korea's Kospi Rebounds, Micron Due; FedEx, Cere",positive,0.9252,0.0341,0.0406
GOOGL,Micron Reports Tonight. The Real Story May Be Nvidia,neutral,0.0231,0.0635,0.9134
GOOGL,Alphabet to replace Verizon in Dow Jones Industrial Average,neutral,0.0582,0.0145,0.9272
AMZN,Alphabet makes the Dow look more like the Nasdaq,neutral,0.0895,0.0154,0.8951
AMZN,Big Tech's AI cash cushion is plummeting: Chart of the Day,negative,0.016,0.945,0.039
AMZN,ReFiBuy Launches RetailPlaybook Featuring Retailer Shopping Agent Optimization Expert Andrew Bell,neutral,0.1169,0.0131,0.8699
AMZN,Why Investors Are Finally Separating Quantum Computing Winners From Losers,neutral,0.0658,0.0407,0.8936
AMZN,Does UPS’s US$48 Million Cold-Chain Expansion Change The Bull Case For United Parcel Service (UPS)?,neutral,0.1039,0.0284,0.8677
AMZN,Cerebras Sinks Double Digits After Soft Margin Forecast Raises Red Flags,negative,0.3328,0.6218,0.0453
AMZN,The First Pure-Play Humanoid Robot Maker Could Go Public This Year,neutral,0.1349,0.0083,0.8569
AMZN,Should You Buy Amazon Stock Before June 26?,neutral,0.0329,0.0294,0.9377
AMZN,Alphabet Joins the Dow With Little History of a Stock Boost,neutral,0.0971,0.0155,0.8874
AMZN,Beyond Mag 7: MANGOS or Big-10 ETFs Will Likely Rule Ahead,neutral,0.0427,0.0288,0.9285
AMZN,"Alphabet Stock in Focus as Google Parent Joins Dow, Replacing Verizon",neutral,0.0419,0.2665,0.6916
AMZN,Amazon (AMZN) BofA Sees Q2 Revenue Beat Despite Prime Day Timing Shift,positive,0.9408,0.037,0.0223
AMZN,"Cathie Wood Loads Up On Palantir, Cerebras, These Mag 7 Players",positive,0.7102,0.0135,0.2763
AMZN,How Does Microsoft Turn Cloud Dominance Into $223B For Shareholders?,neutral,0.0513,0.0196,0.9291
AMZN,Alphabet Is In. Verizon Is Out.,neutral,0.0616,0.0508,0.8876
AMZN,Alphabet Wins a Seat at the Dow,neutral,0.2541,0.0394,0.7065
AMZN,Comscore Announces Partnership with Amazon DSP to Expand Content Addressability to Drive Campaign Pe,positive,0.9175,0.0087,0.0738
AMZN,"Aspire Biopharma's BUZZ BOMB(TM) Launches on Amazon, Introducing Next-Generation Caffeine Stick Pack",neutral,0.3659,0.0097,0.6244
AMZN,Ross Cully of Harvest Group named EY US Entrepreneur Of The Year® 2026 Southwest Award winner,positive,0.6756,0.0156,0.3088
AMZN,Comscore and Amazon DSP are teaming up as Amazon’s CTV ambitions grow,positive,0.5554,0.0086,0.436
AMZN,"Jeff Bezos-backed Slate reveals $24,950 starting price for EV pickup, making it the cheapest truck i",positive,0.7455,0.01,0.2446
AMZN,"PodcastOne (Nasdaq: PODC) Reports Record Fiscal 2026 Revenue of $61.7M and $6.3M Adjusted EBITDA*, Q",positive,0.9527,0.0213,0.0259
AMZN,Analysts Pound The Table For 4 Rising S&P 500 Stocks,neutral,0.0451,0.1942,0.7607
AMZN,Micron Reports Tonight. The Real Story May Be Nvidia,neutral,0.0231,0.0635,0.9134
AMZN,Gold Just Did Something It Hasn't Done Since 2022. Nvidia Bulls May Like It,neutral,0.1096,0.0131,0.8772
AMZN,Agility Robotics to Go Public Through $2.5 Billion Merger with Churchill Capital Corp XI,neutral,0.2704,0.0068,0.7227
AMZN,Big Tech's $2.7 trillion AI bill comes due: Chart of the Day,neutral,0.0427,0.0297,0.9276
AMZN,NiSource: A Utility AI Winner Worth Buying On Pullbacks,neutral,0.1396,0.0223,0.8381
AMZN,Will Amazon's AI Chip Business Be a Threat to Nvidia?,negative,0.0221,0.6953,0.2826
AMZN,"How I Am Going To Invest $20,000",neutral,0.0421,0.0191,0.9389
META,Alphabet makes the Dow look more like the Nasdaq,neutral,0.0895,0.0154,0.8951
META,This Stock Is My Biggest Bet For The Second Half of 2026,neutral,0.0762,0.0146,0.9092
META,Wall Street Just Supersized Its Price Target on AMD. Is the Stock Still Too Cheap?,negative,0.0328,0.5379,0.4292
META,Meta Reportedly Developing ‘Arena’ Prediction Markets App to Rival Polymarket and Kalshi,neutral,0.3047,0.0075,0.6877
META,Meta reportedly aims to take on prediction markets with new app,neutral,0.3087,0.0064,0.6849
META,"Snap Bet $2,195 on the Future of Smart Glasses. Meta Answered With a $244 Version.",neutral,0.1035,0.0136,0.8829
META,Meta Launches $299 AI Glasses,neutral,0.0703,0.0122,0.9175
META,Beyond Mag 7: MANGOS or Big-10 ETFs Will Likely Rule Ahead,neutral,0.0427,0.0288,0.9285
META,Runlayer Raises $30M Series A to Help Enterprises Go All In On AI,positive,0.7815,0.008,0.2105
META,How the US Dollar Got Its Mojo Back,neutral,0.1119,0.0359,0.8521
META,Meta stock in focus after unveiling $299 AI smart glasses to expand wearables push,positive,0.5492,0.0164,0.4344
META,"Meta: Investors' AI Dilemma, Stay Or Come Back Later",neutral,0.0233,0.1444,0.8323
META,The AI Conference Focuses on Turning AI from Promise into Production with 120+ Speakers,neutral,0.1815,0.008,0.8104
META,Morning Minute: Meta Is Building a Prediction Market,neutral,0.2335,0.0126,0.754
META,Is Meta (META) One of the Top High-Conviction Stocks to Buy According to Hedge Funds?,neutral,0.0772,0.0137,0.9091
META,Meta Launches Embedded Appointment Booking for Lead Ads and Selects HighLevel as an Early Scheduling,neutral,0.1008,0.0094,0.8898
META,Micron Reports Tonight. The Real Story May Be Nvidia,neutral,0.0231,0.0635,0.9134
META,Tech Stock Selloff Could Just Be a Blip But Watch These 2 Factors,neutral,0.0216,0.1324,0.846
META,Gold Just Did Something It Hasn't Done Since 2022. Nvidia Bulls May Like It,neutral,0.1096,0.0131,0.8772
META,Arm Holdings (ARM) Is Down 7.6% After AI Valuation Jitters And Insider-Selling Concerns - Has The Bu,negative,0.0087,0.972,0.0193
META,Big Tech's $2.7 trillion AI bill comes due: Chart of the Day,neutral,0.0427,0.0297,0.9276
META,Broadcom: The Market Is Wrong,neutral,0.0743,0.3591,0.5666
META,"Tech eyes recovery after selloff, Micron to report results - What’s moving markets",neutral,0.0943,0.0315,0.8742
META,Cboe Global Markets and Applied Digital have been highlighted as Zacks Bull and Bear of the Day,positive,0.575,0.0128,0.4123
META,Micron Earnings Take on New Gravity With Market on Edge Over AI,positive,0.5231,0.3849,0.0921
META,Chip Selloff Deepens as AI Doubts Bleed Into a Second Session,negative,0.0596,0.8698,0.0706
META,ByteDance Seeks $20 Billion in Its Largest-Ever Offshore Loan,neutral,0.2174,0.0124,0.7701
META,Forget The Magnificent 7 And MANGOS—Billionaire Philippe Laffont Adds These Two 'Non-Tech' Giants To,neutral,0.1569,0.0119,0.8311
META,Bank of America resets Apple stock forecast after Siri AI shift,negative,0.0255,0.5576,0.4169
META,Tech Stock Declines: 3 Crucial Things Every Investor Should Do Now,neutral,0.0396,0.034,0.9265
NFLX,4 Broadcast Radio & TV Stocks to Watch From a Challenging Industry,neutral,0.1612,0.0164,0.8224
NFLX,Netflix Is Down 32% Since Reed Hastings Said He Was Leaving. Should You Buy the Dip or Is It a Red F,negative,0.0104,0.9394,0.0502
NFLX,Worried About Amazon’s AI Bill? What If It’s Already Paid For?,negative,0.0264,0.6326,0.341
NFLX,Is Omnicom (OMC) Quietly Recasting Its Competitive Edge Through Netflix And Acxiom’s AI Ad Alliance?,neutral,0.3409,0.0197,0.6394
NFLX,Netflix Looks Like An Incredible Deal Right Now,neutral,0.2974,0.0091,0.6935
NFLX,Netflix Struggles to Shift the Narrative After Warner Bros. Fiasco,negative,0.0462,0.5766,0.3772
NFLX,Netflix Unveils New Horror Game to Jumpstart Interactive Offerings,neutral,0.3954,0.0117,0.5929
NFLX,Citizens Upholds its Market Perform Rating for Netflix (NFLX),neutral,0.184,0.0163,0.7997
NFLX,Netflix Will Trade at This Price in 2028,neutral,0.053,0.012,0.935
NFLX,"Update: US Equity Futures Fall Pre-Bell Amid Broad Tech Sell-Off, US-Iran Peace Negotiations",negative,0.0141,0.9636,0.0222
NFLX,This Could Be the Real Reason Netflix Stock Continues to Struggle,neutral,0.1574,0.2524,0.5902
NFLX,Omnicom (OMC) Launches Fan Graph And Teams Up With Netflix On AI Ads,neutral,0.3541,0.0083,0.6377
NFLX,What's Going On With Netflix Stock Tuesday?,negative,0.0238,0.5138,0.4624
NFLX,1 Screaming Buy Value Stock Hiding in Plain Sight,neutral,0.0337,0.0462,0.9201
NFLX,‘Toy Story 5’ Box Office Haul Highlights Hollywood’s Hot Streak,neutral,0.4216,0.1167,0.4616
NFLX,2 Wide-Moat Stocks That Are Drop-Dead Bargains Right Now,neutral,0.0572,0.1232,0.8196
NFLX,Netflix (NFLX) Stock After 42% Slide In Year Looks Cheap On Cash Flow And Earnings,positive,0.896,0.0566,0.0474
NFLX,Why Netflix Stock Fell Today,negative,0.033,0.6706,0.2964
NFLX,Netflix (NFLX) Dips More Than Broader Market: What You Should Know,neutral,0.0724,0.4125,0.5151
NFLX,"S&P 500, Nasdaq Drop As SpaceX, Broader Tech Weakness Outweighs US-Iran Hopes — SPCX, GOOGL, NFLX, C",negative,0.0142,0.9414,0.0444
NFLX,"SpaceX, Micron Technology, Super Micro Computer, Netflix And Palantir: Why These 5 Stocks Are On Inv",neutral,0.0335,0.039,0.9275
NFLX,"Update: Sliding Communication Services, Surging Treasury Yields Push US Equity Indexes in Mixed Terr",negative,0.0212,0.968,0.0108
NFLX,"Update: US Equity Indexes Mixed as Communication Services Sector Slides, Treasury Yields Surge",negative,0.0152,0.9676,0.0172
NFLX,"After Missing Out on Roku, Netflix Claims It Won't Buy Lionsgate. Here's Why the Market Hates That A",neutral,0.0282,0.3649,0.6069
NFLX,NFLX Stock Sinks To Near 52-Week Low: Retail Traders Think It Is A Great Buying Opportunity,negative,0.0344,0.9479,0.0178
NFLX,"Buy, Hold, or Sell: Netflix Slipped Under $78. Is This Premium Streamer an Automatic Buy?",neutral,0.0712,0.1178,0.811
NFLX,Monday's session: top gainers and losers in the S&P500 index,negative,0.0337,0.8864,0.0799
NFLX,OMNICOM MEDIA BECOMES NETFLIX'S FIRST DATA COLLABORATION PARTNER FOR AI-POWERED AD CREATIVES,positive,0.6853,0.0085,0.3062
NFLX,Tuesday's big stock stories: What’s likely to move the market in the next trading session,neutral,0.0469,0.0436,0.9095
NFLX,What's going on in today's session: S&P500 most active stocks,neutral,0.0312,0.0948,0.8741
AMD,Is Qualcomm Stock A Bet On AI's Future Or A Hostage To The Smartphone's Present?,neutral,0.0348,0.0437,0.9214
AMD,BlackBerry gains bullish backing as Stifel initiates coverage,positive,0.845,0.0187,0.1363
AMD,Beyond the Quarter: What Could Power The Next Leg Of Broadcom Stock's Climb,neutral,0.0487,0.0167,0.9346
AMD,Wall Street Just Supersized Its Price Target on AMD. Is the Stock Still Too Cheap?,negative,0.0328,0.5379,0.4292
AMD,Time to Dump Micron? SK hynix to Begin Trading on Nasdaq July 10,neutral,0.0491,0.0146,0.9362
AMD,NVIDIA (NVDA) Remains a Must-Own for Bernstein Despite Tech Sell-Off,neutral,0.3426,0.022,0.6354
AMD,Can Marvell Technology Sustain Its Strong AI Networking Expansion?,positive,0.6383,0.0091,0.3526
AMD,Cerebras Revenue Nearly Doubles but Margin Outlook Sends Shares Down,negative,0.2348,0.747,0.0182
AMD,"Update: US Equity Futures Edge Higher Pre-Bell as Tech Stocks Rebound, Oil Prices Fall",positive,0.9236,0.0506,0.0258
AMD,AI Stock Theme Splits as Mega-Cap Leaders Wilt and Turnaround Plays Surge,negative,0.027,0.9157,0.0573
AMD,Why QQQ Is Pulling Further Ahead Of Bitcoin ETFs In 2026,negative,0.0909,0.5383,0.3708
AMD,Cerebras sinks 14% as full-year margin forecast disappoints,negative,0.0128,0.9749,0.0123
AMD,Nvidia vs. Advanced Micro Devices: What Do Their Revenue Trends Tell Investors?,neutral,0.0433,0.0437,0.913
AMD,"UBS Maintains Buy on Advanced Micro Devices, Raises Price Target to $670",positive,0.8779,0.0165,0.1056
AMD,Chip Selloff Deepens as AI Doubts Bleed Into a Second Session,negative,0.0596,0.8698,0.0706
AMD,"Qualcomm in talks to provide custom chip-design services to ByteDance, sources say",neutral,0.4574,0.0115,0.5312
AMD,BUZZ Investing: AI Leadership Rotates And Macro Risks Reassert,negative,0.0426,0.4961,0.4613
AMD,Micron Earnings Echo Nvidia's 2023 Moment? Futurum CEO Says Memory Chips Are 'The GPUs Of Three Year,neutral,0.0665,0.0497,0.8839
AMD,How SK Hynix's bet on a niche memory chip made it more valuable than Samsung,neutral,0.4031,0.0095,0.5873
AMD,"Stock market today: S&P 500, Nasdaq hit pause after tech rout with Micron in focus",negative,0.31,0.5222,0.1678
AMD,"Stock market today: Dow, S&P 500, Nasdaq futures slip as AI trade doubts grow",negative,0.0084,0.9657,0.0259
AMD,SOXL’s 23% Single-Day Collapse Exposes the Real Price of 3X Leverage,neutral,0.0356,0.3683,0.5961
AMD,Why AMD (AMD) Stock Is Trading Lower Today,negative,0.0166,0.8973,0.0861
AMD,Marvell Stock And The Custom Chip Story The Market Underestimated,negative,0.1153,0.6485,0.2361
AMD,"With Its MEXT Acquisition, Advanced Micro Devices Stock Could Rally to Higher Highs",positive,0.9499,0.0164,0.0337
AMD,"Over 40 Analysts Rate AMD a Buy, Here’s Why We Agree",neutral,0.1036,0.0161,0.8803
AMD,"AMD and Intel Drop 5%, NVIDIA Slips 3% Amid Korean-Led Chip Selloff Bulls Say Is “Healthy”",negative,0.0151,0.9685,0.0164
AMD,AMD (AMD) Stock Sees Modest Fair Value Lift As AI Target Revisions Split Analysts,positive,0.936,0.0359,0.0281
AMD,OPAQUE Extends the Agent Governance Toolkit with Verifiable Identity and First Ever Verifiably Gover,neutral,0.3793,0.0067,0.6141
AMD,How AMD’s MEXT Deal Expands Its Memory Strategy Beyond GPUs and Data-Center CPUs,positive,0.499,0.0096,0.4913
INTC,Intel’s stock split history (& prospects) explained,neutral,0.0262,0.0311,0.9427
INTC,Is Qualcomm Stock A Bet On AI's Future Or A Hostage To The Smartphone's Present?,neutral,0.0348,0.0437,0.9214
INTC,Analysis-Apple-Intel chip deal makes strategic sense but production is years away,neutral,0.041,0.0925,0.8665
INTC,Wendy’s Soars 31% as “Save Wendy’s” Meme Army Targets Short Squeeze After New CFO Hire,negative,0.1406,0.5167,0.3427
INTC,The Queen of Capital Gains — Nancy Pelosi Just Bet Up to $6 Million on These 2 Stocks,neutral,0.0975,0.0179,0.8846
INTC,"Intel (INTC) Advanced Packaging Could Support AI Data Center Growth, Mizuho Says",positive,0.935,0.0107,0.0543
INTC,"Stock Market News for Jun 24, 2026",neutral,0.0239,0.0631,0.913
INTC,"PodcastOne, Inc. (PODC) Reports Q4 Loss, Tops Revenue Estimates",negative,0.0164,0.9718,0.0118
INTC,"Update: US Equity Futures Edge Higher Pre-Bell as Tech Stocks Rebound, Oil Prices Fall",positive,0.9236,0.0506,0.0258
INTC,"Wendy's stock surges on CFO hire, meme trader activity",neutral,0.1498,0.3776,0.4725
INTC,Alphabet Set to Join Dow Jones Industrial Average as Verizon Exits Index (GOOG),neutral,0.1064,0.0165,0.8771
INTC,"Why tech stock turmoil makes a lot of sense, in one chart",neutral,0.0365,0.0465,0.9169
INTC,Synopsys: EDA And IP Positioned For A Multi-Generational Growth Cycle,positive,0.7066,0.007,0.2864
INTC,AI Stock Theme Splits as Mega-Cap Leaders Wilt and Turnaround Plays Surge,negative,0.027,0.9157,0.0573
INTC,Stocks Mostly Up Pre-Bell Ahead of Micron's Latest Financial Results,positive,0.6697,0.234,0.0963
INTC,Nervous investors await Micron earnings as chip sector whipsaws,negative,0.0501,0.6413,0.3086
INTC,Tech stocks rebound ahead of Micron Q3 earnings results,positive,0.6656,0.2915,0.0429
INTC,California Rep. Nancy Pelosi Bought Up to $6.00M Worth of Intel Stock,neutral,0.4223,0.0145,0.5632
INTC,Nancy Pelosi Discloses New Stock Trades: Here’s The 2 Picks On Her List,neutral,0.0322,0.0283,0.9395
INTC,"Masayoshi Son Says ARM’s Valuation Could Soar Over 10X From $391B, Defends INTC Investment — ‘US Has",positive,0.9249,0.0164,0.0588
INTC,Intel Stock Pauses Ahead Of Micron Earnings: What Should Traders Watch?,neutral,0.0236,0.1691,0.8072
INTC,"Nancy Pelosi Discloses Purchase Of 200 Intel Call Options (Strike $50, Mar. 2027 Expiry) Valued At $",neutral,0.1078,0.0161,0.8761
INTC,Stock Futures Rebound as Wall Street Reels From Brutal Tech Selloff,negative,0.1478,0.7461,0.1061
INTC,BofA Says Apple’s (AAPL) New Siri Strategy Could Strengthen its AI Position,positive,0.9555,0.0147,0.0298
INTC,BUZZ Investing: AI Leadership Rotates And Macro Risks Reassert,negative,0.0426,0.4961,0.4613
INTC,Micron Earnings Echo Nvidia's 2023 Moment? Futurum CEO Says Memory Chips Are 'The GPUs Of Three Year,neutral,0.0665,0.0497,0.8839
INTC,Why Intel (INTC) Stock Is Nosediving,negative,0.0273,0.8128,0.1599
INTC,Nasdaq closes down more than 2% as global tech sell-off deepens,negative,0.0086,0.9709,0.0205
INTC,Wall Street ends lower as AI spending concerns mount,negative,0.0289,0.9344,0.0368
INTC,3 Stocks Nvidia Owns That You Should Consider Too,neutral,0.048,0.0141,0.9379
